PassengerId,Pclass,Sex,Age,SibSp,Parch,Fare,Embarked,Survived
1,3,1,22.0,1,0,7.25,1,N
2,1,0,38.0,1,0,71.2833,2,N
3,3,0,26.0,0,0,7.925,1,N
4,1,0,35.0,1,0,53.1,1,N
5,3,1,35.0,0,0,8.05,1,N
6,3,1,0.0,0,0,8.4583,3,N
7,1,1,54.0,0,0,51.8625,1,N
8,3,1,2.0,3,1,21.075,1,N
9,3,0,27.0,0,2,11.1333,1,N
10,2,0,14.0,1,0,30.0708,2,N
11,3,0,4.0,1,1,16.7,1,N
12,1,0,58.0,0,0,26.55,1,N
13,3,1,20.0,0,0,8.05,1,N
14,3,1,39.0,1,5,31.275,1,N
15,3,0,14.0,0,0,7.8542,1,N
16,2,0,55.0,0,0,16.0,1,N
17,3,1,2.0,4,1,29.125,3,N
18,2,1,0.0,0,0,13.0,1,N
19,3,0,31.0,1,0,18.0,1,N
20,3,0,0.0,0,0,7.225,2,N
21,2,1,35.0,0,0,26.0,1,N
22,2,1,34.0,0,0,13.0,1,N
23,3,0,15.0,0,0,8.0292,3,N
24,1,1,28.0,0,0,35.5,1,N
25,3,0,8.0,3,1,21.075,1,N
26,3,0,38.0,1,5,31.3875,1,N
27,3,1,0.0,0,0,7.225,2,N
28,1,1,19.0,3,2,263.0,1,N
29,3,0,0.0,0,0,7.8792,3,N
30,3,1,0.0,0,0,7.8958,1,N
31,1,1,40.0,0,0,27.7208,2,N
32,1,0,0.0,1,0,146.5208,2,N
33,3,0,0.0,0,0,7.75,3,N
34,2,1,66.0,0,0,10.5,1,N
35,1,1,28.0,1,0,82.1708,2,N
36,1,1,42.0,1,0,52.0,1,N
37,3,1,0.0,0,0,7.2292,2,N
38,3,1,21.0,0,0,8.05,1,N
39,3,0,18.0,2,0,18.0,1,N
40,3,0,14.0,1,0,11.2417,2,N
41,3,0,40.0,1,0,9.475,1,N
42,2,0,27.0,1,0,21.0,1,N
43,3,1,0.0,0,0,7.8958,2,N
44,2,0,3.0,1,2,41.5792,2,N
45,3,0,19.0,0,0,7.8792,3,N
46,3,1,0.0,0,0,8.05,1,N
47,3,1,0.0,1,0,15.5,3,N
48,3,0,0.0,0,0,7.75,3,N
49,3,1,0.0,2,0,21.6792,2,N
50,3,0,18.0,1,0,17.8,1,N
51,3,1,7.0,4,1,39.6875,1,N
52,3,1,21.0,0,0,7.8,1,N
53,1,0,49.0,1,0,76.7292,2,N
54,2,0,29.0,1,0,26.0,1,N
55,1,1,65.0,0,1,61.9792,2,N
56,1,1,0.0,0,0,35.5,1,N
57,2,0,21.0,0,0,10.5,1,N
58,3,1,28.5,0,0,7.2292,2,N
59,2,0,5.0,1,2,27.75,1,N
60,3,1,11.0,5,2,46.9,1,N
61,3,1,22.0,0,0,7.2292,2,N
62,1,0,38.0,0,0,80.0,0,N
63,1,1,45.0,1,0,83.475,1,N
64,3,1,4.0,3,2,27.9,1,N
65,1,1,0.0,0,0,27.7208,2,N
66,3,1,0.0,1,1,15.2458,2,N
67,2,0,29.0,0,0,10.5,1,N
68,3,1,19.0,0,0,8.1583,1,N
69,3,0,17.0,4,2,7.925,1,N
70,3,1,26.0,2,0,8.6625,1,N
71,2,1,32.0,0,0,10.5,1,N
72,3,0,16.0,5,2,46.9,1,N
73,2,1,21.0,0,0,73.5,1,N
74,3,1,26.0,1,0,14.4542,2,N
75,3,1,32.0,0,0,56.4958,1,N
76,3,1,25.0,0,0,7.65,1,N
77,3,1,0.0,0,0,7.8958,1,N
78,3,1,0.0,0,0,8.05,1,N
79,2,1,0.83,0,2,29.0,1,N
80,3,0,30.0,0,0,12.475,1,N
81,3,1,22.0,0,0,9.0,1,N
82,3,1,29.0,0,0,9.5,1,N
83,3,0,0.0,0,0,7.7875,3,N
84,1,1,28.0,0,0,47.1,1,N
85,2,0,17.0,0,0,10.5,1,N
86,3,0,33.0,3,0,15.85,1,N
87,3,1,16.0,1,3,34.375,1,N
88,3,1,0.0,0,0,8.05,1,N
89,1,0,23.0,3,2,263.0,1,N
90,3,1,24.0,0,0,8.05,1,N
91,3,1,29.0,0,0,8.05,1,N
92,3,1,20.0,0,0,7.8542,1,N
93,1,1,46.0,1,0,61.175,1,N
94,3,1,26.0,1,2,20.575,1,N
95,3,1,59.0,0,0,7.25,1,N
96,3,1,0.0,0,0,8.05,1,N
97,1,1,71.0,0,0,34.6542,2,N
98,1,1,23.0,0,1,63.3583,2,N
99,2,0,34.0,0,1,23.0,1,N
100,2,1,34.0,1,0,26.0,1,N
101,3,0,28.0,0,0,7.8958,1,N
102,3,1,0.0,0,0,7.8958,1,N
103,1,1,21.0,0,1,77.2875,1,N
104,3,1,33.0,0,0,8.6542,1,N
105,3,1,37.0,2,0,7.925,1,N
106,3,1,28.0,0,0,7.8958,1,N
107,3,0,21.0,0,0,7.65,1,N
108,3,1,0.0,0,0,7.775,1,N
109,3,1,38.0,0,0,7.8958,1,N
110,3,0,0.0,1,0,24.15,3,N
111,1,1,47.0,0,0,52.0,1,N
112,3,0,14.5,1,0,14.4542,2,N
113,3,1,22.0,0,0,8.05,1,N
114,3,0,20.0,1,0,9.825,1,N
115,3,0,17.0,0,0,14.4583,2,N
116,3,1,21.0,0,0,7.925,1,N
117,3,1,70.5,0,0,7.75,3,N
118,2,1,29.0,1,0,21.0,1,N
119,1,1,24.0,0,1,247.5208,2,N
120,3,0,2.0,4,2,31.275,1,N
121,2,1,21.0,2,0,73.5,1,N
122,3,1,0.0,0,0,8.05,1,N
123,2,1,32.5,1,0,30.0708,2,N
124,2,0,32.5,0,0,13.0,1,N
125,1,1,54.0,0,1,77.2875,1,N
126,3,1,12.0,1,0,11.2417,2,N
127,3,1,0.0,0,0,7.75,3,N
128,3,1,24.0,0,0,7.1417,1,N
129,3,0,0.0,1,1,22.3583,2,N
130,3,1,45.0,0,0,6.975,1,N
131,3,1,33.0,0,0,7.8958,2,N
132,3,1,20.0,0,0,7.05,1,N
133,3,0,47.0,1,0,14.5,1,N
134,2,0,29.0,1,0,26.0,1,N
135,2,1,25.0,0,0,13.0,1,N
136,2,1,23.0,0,0,15.0458,2,N
137,1,0,19.0,0,2,26.2833,1,N
138,1,1,37.0,1,0,53.1,1,N
139,3,1,16.0,0,0,9.2167,1,N
140,1,1,24.0,0,0,79.2,2,N
141,3,0,0.0,0,2,15.2458,2,N
142,3,0,22.0,0,0,7.75,1,N
143,3,0,24.0,1,0,15.85,1,N
144,3,1,19.0,0,0,6.75,3,N
145,2,1,18.0,0,0,11.5,1,N
146,2,1,19.0,1,1,36.75,1,N
147,3,1,27.0,0,0,7.7958,1,N
148,3,0,9.0,2,2,34.375,1,N
149,2,1,36.5,0,2,26.0,1,N
150,2,1,42.0,0,0,13.0,1,N
151,2,1,51.0,0,0,12.525,1,N
152,1,0,22.0,1,0,66.6,1,N
153,3,1,55.5,0,0,8.05,1,N
154,3,1,40.5,0,2,14.5,1,N
155,3,1,0.0,0,0,7.3125,1,N
156,1,1,51.0,0,1,61.3792,2,N
157,3,0,16.0,0,0,7.7333,3,N
158,3,1,30.0,0,0,8.05,1,N
159,3,1,0.0,0,0,8.6625,1,N
160,3,1,0.0,8,2,69.55,1,N
161,3,1,44.0,0,1,16.1,1,N
162,2,0,40.0,0,0,15.75,1,N
163,3,1,26.0,0,0,7.775,1,N
164,3,1,17.0,0,0,8.6625,1,N
165,3,1,1.0,4,1,39.6875,1,N
166,3,1,9.0,0,2,20.525,1,N
167,1,0,0.0,0,1,55.0,1,N
168,3,0,45.0,1,4,27.9,1,N
169,1,1,0.0,0,0,25.925,1,N
170,3,1,28.0,0,0,56.4958,1,N
171,1,1,61.0,0,0,33.5,1,N
172,3,1,4.0,4,1,29.125,3,N
173,3,0,1.0,1,1,11.1333,1,N
174,3,1,21.0,0,0,7.925,1,N
175,1,1,56.0,0,0,30.6958,2,N
176,3,1,18.0,1,1,7.8542,1,N
177,3,1,0.0,3,1,25.4667,1,N
178,1,0,50.0,0,0,28.7125,2,N
179,2,1,30.0,0,0,13.0,1,N
180,3,1,36.0,0,0,0.0,1,N
181,3,0,0.0,8,2,69.55,1,N
182,2,1,0.0,0,0,15.05,2,N
183,3,1,9.0,4,2,31.3875,1,N
184,2,1,1.0,2,1,39.0,1,N
185,3,0,4.0,0,2,22.025,1,N
186,1,1,0.0,0,0,50.0,1,N
187,3,0,0.0,1,0,15.5,3,N
188,1,1,45.0,0,0,26.55,1,N
189,3,1,40.0,1,1,15.5,3,N
190,3,1,36.0,0,0,7.8958,1,N
191,2,0,32.0,0,0,13.0,1,N
192,2,1,19.0,0,0,13.0,1,N
193,3,0,19.0,1,0,7.8542,1,N
194,2,1,3.0,1,1,26.0,1,N
195,1,0,44.0,0,0,27.7208,2,N
196,1,0,58.0,0,0,146.5208,2,N
197,3,1,0.0,0,0,7.75,3,N
198,3,1,42.0,0,1,8.4042,1,N
199,3,0,0.0,0,0,7.75,3,N
200,2,0,24.0,0,0,13.0,1,N
201,3,1,28.0,0,0,9.5,1,N
202,3,1,0.0,8,2,69.55,1,N
203,3,1,34.0,0,0,6.4958,1,N
204,3,1,45.5,0,0,7.225,2,N
205,3,1,18.0,0,0,8.05,1,N
206,3,0,2.0,0,1,10.4625,1,N
207,3,1,32.0,1,0,15.85,1,N
208,3,1,26.0,0,0,18.7875,2,N
209,3,0,16.0,0,0,7.75,3,N
210,1,1,40.0,0,0,31.0,2,N
211,3,1,24.0,0,0,7.05,1,N
212,2,0,35.0,0,0,21.0,1,N
213,3,1,22.0,0,0,7.25,1,N
214,2,1,30.0,0,0,13.0,1,N
215,3,1,0.0,1,0,7.75,3,N
216,1,0,31.0,1,0,113.275,2,N
217,3,0,27.0,0,0,7.925,1,N
218,2,1,42.0,1,0,27.0,1,N
219,1,0,32.0,0,0,76.2917,2,N
220,2,1,30.0,0,0,10.5,1,N
221,3,1,16.0,0,0,8.05,1,N
222,2,1,27.0,0,0,13.0,1,N
223,3,1,51.0,0,0,8.05,1,N
224,3,1,0.0,0,0,7.8958,1,N
225,1,1,38.0,1,0,90.0,1,N
226,3,1,22.0,0,0,9.35,1,N
227,2,1,19.0,0,0,10.5,1,N
228,3,1,20.5,0,0,7.25,1,N
229,2,1,18.0,0,0,13.0,1,N
230,3,0,0.0,3,1,25.4667,1,N
231,1,0,35.0,1,0,83.475,1,N
232,3,1,29.0,0,0,7.775,1,N
233,2,1,59.0,0,0,13.5,1,N
234,3,0,5.0,4,2,31.3875,1,N
235,2,1,24.0,0,0,10.5,1,N
236,3,0,0.0,0,0,7.55,1,N
237,2,1,44.0,1,0,26.0,1,N
238,2,0,8.0,0,2,26.25,1,N
239,2,1,19.0,0,0,10.5,1,N
240,2,1,33.0,0,0,12.275,1,N
241,3,0,0.0,1,0,14.4542,2,N
242,3,0,0.0,1,0,15.5,3,N
243,2,1,29.0,0,0,10.5,1,N
244,3,1,22.0,0,0,7.125,1,N
245,3,1,30.0,0,0,7.225,2,N
246,1,1,44.0,2,0,90.0,3,N
247,3,0,25.0,0,0,7.775,1,N
248,2,0,24.0,0,2,14.5,1,N
249,1,1,37.0,1,1,52.5542,1,N
250,2,1,54.0,1,0,26.0,1,N
251,3,1,0.0,0,0,7.25,1,N
252,3,0,29.0,1,1,10.4625,1,N
253,1,1,62.0,0,0,26.55,1,N
254,3,1,30.0,1,0,16.1,1,N
255,3,0,41.0,0,2,20.2125,1,N
256,3,0,29.0,0,2,15.2458,2,N
257,1,0,0.0,0,0,79.2,2,N
258,1,0,30.0,0,0,86.5,1,N
259,1,0,35.0,0,0,512.3292,2,N
260,2,0,50.0,0,1,26.0,1,N
261,3,1,0.0,0,0,7.75,3,N
262,3,1,3.0,4,2,31.3875,1,N
263,1,1,52.0,1,1,79.65,1,N
264,1,1,40.0,0,0,0.0,1,N
265,3,0,0.0,0,0,7.75,3,N
266,2,1,36.0,0,0,10.5,1,N
267,3,1,16.0,4,1,39.6875,1,N
268,3,1,25.0,1,0,7.775,1,N
269,1,0,58.0,0,1,153.4625,1,N
270,1,0,35.0,0,0,135.6333,1,N
271,1,1,0.0,0,0,31.0,1,N
272,3,1,25.0,0,0,0.0,1,N
273,2,0,41.0,0,1,19.5,1,N
274,1,1,37.0,0,1,29.7,2,N
275,3,0,0.0,0,0,7.75,3,N
276,1,0,63.0,1,0,77.9583,1,N
277,3,0,45.0,0,0,7.75,1,N
278,2,1,0.0,0,0,0.0,1,N
279,3,1,7.0,4,1,29.125,3,N
280,3,0,35.0,1,1,20.25,1,N
281,3,1,65.0,0,0,7.75,3,N
282,3,1,28.0,0,0,7.8542,1,N
283,3,1,16.0,0,0,9.5,1,N
284,3,1,19.0,0,0,8.05,1,N
285,1,1,0.0,0,0,26.0,1,N
286,3,1,33.0,0,0,8.6625,2,N
287,3,1,30.0,0,0,9.5,1,N
288,3,1,22.0,0,0,7.8958,1,N
289,2,1,42.0,0,0,13.0,1,N
290,3,0,22.0,0,0,7.75,3,N
291,1,0,26.0,0,0,78.85,1,N
292,1,0,19.0,1,0,91.0792,2,N
293,2,1,36.0,0,0,12.875,2,N
294,3,0,24.0,0,0,8.85,1,N
295,3,1,24.0,0,0,7.8958,1,N
296,1,1,0.0,0,0,27.7208,2,N
297,3,1,23.5,0,0,7.2292,2,N
298,1,0,2.0,1,2,151.55,1,N
299,1,1,0.0,0,0,30.5,1,N
300,1,0,50.0,0,1,247.5208,2,N
301,3,0,0.0,0,0,7.75,3,N
302,3,1,0.0,2,0,23.25,3,N
303,3,1,19.0,0,0,0.0,1,N
304,2,0,0.0,0,0,12.35,3,N
305,3,1,0.0,0,0,8.05,1,N
306,1,1,0.92,1,2,151.55,1,N
307,1,0,0.0,0,0,110.8833,2,N
308,1,0,17.0,1,0,108.9,2,N
309,2,1,30.0,1,0,24.0,2,N
310,1,0,30.0,0,0,56.9292,2,N
311,1,0,24.0,0,0,83.1583,2,N
312,1,0,18.0,2,2,262.375,2,N
313,2,0,26.0,1,1,26.0,1,N
314,3,1,28.0,0,0,7.8958,1,N
315,2,1,43.0,1,1,26.25,1,N
316,3,0,26.0,0,0,7.8542,1,N
317,2,0,24.0,1,0,26.0,1,N
318,2,1,54.0,0,0,14.0,1,N
319,1,0,31.0,0,2,164.8667,1,N
320,1,0,40.0,1,1,134.5,2,N
321,3,1,22.0,0,0,7.25,1,N
322,3,1,27.0,0,0,7.8958,1,N
323,2,0,30.0,0,0,12.35,3,N
324,2,0,22.0,1,1,29.0,1,N
325,3,1,0.0,8,2,69.55,1,N
326,1,0,36.0,0,0,135.6333,2,N
327,3,1,61.0,0,0,6.2375,1,N
328,2,0,36.0,0,0,13.0,1,N
329,3,0,31.0,1,1,20.525,1,N
330,1,0,16.0,0,1,57.9792,2,N
331,3,0,0.0,2,0,23.25,3,N
332,1,1,45.5,0,0,28.5,1,N
333,1,1,38.0,0,1,153.4625,1,N
334,3,1,16.0,2,0,18.0,1,N
335,1,0,0.0,1,0,133.65,1,N
336,3,1,0.0,0,0,7.8958,1,N
337,1,1,29.0,1,0,66.6,1,N
338,1,0,41.0,0,0,134.5,2,N
339,3,1,45.0,0,0,8.05,1,N
340,1,1,45.0,0,0,35.5,1,N
341,2,1,2.0,1,1,26.0,1,N
342,1,0,24.0,3,2,263.0,1,N
343,2,1,28.0,0,0,13.0,1,N
344,2,1,25.0,0,0,13.0,1,N
345,2,1,36.0,0,0,13.0,1,N
346,2,0,24.0,0,0,13.0,1,N
347,2,0,40.0,0,0,13.0,1,N
348,3,0,0.0,1,0,16.1,1,N
349,3,1,3.0,1,1,15.9,1,N
350,3,1,42.0,0,0,8.6625,1,N
351,3,1,23.0,0,0,9.225,1,N
352,1,1,0.0,0,0,35.0,1,N
353,3,1,15.0,1,1,7.2292,2,N
354,3,1,25.0,1,0,17.8,1,N
355,3,1,0.0,0,0,7.225,2,N
356,3,1,28.0,0,0,9.5,1,N
357,1,0,22.0,0,1,55.0,1,N
358,2,0,38.0,0,0,13.0,1,N
359,3,0,0.0,0,0,7.8792,3,N
360,3,0,0.0,0,0,7.8792,3,N
361,3,1,40.0,1,4,27.9,1,N
362,2,1,29.0,1,0,27.7208,2,N
363,3,0,45.0,0,1,14.4542,2,N
364,3,1,35.0,0,0,7.05,1,N
365,3,1,0.0,1,0,15.5,3,N
366,3,1,30.0,0,0,7.25,1,N
367,1,0,60.0,1,0,75.25,2,N
368,3,0,0.0,0,0,7.2292,2,N
369,3,0,0.0,0,0,7.75,3,N
370,1,0,24.0,0,0,69.3,2,N
371,1,1,25.0,1,0,55.4417,2,N
372,3,1,18.0,1,0,6.4958,1,N
373,3,1,19.0,0,0,8.05,1,N
374,1,1,22.0,0,0,135.6333,2,N
375,3,0,3.0,3,1,21.075,1,N
376,1,0,0.0,1,0,82.1708,2,N
377,3,0,22.0,0,0,7.25,1,N
378,1,1,27.0,0,2,211.5,2,N
379,3,1,20.0,0,0,4.0125,2,N
380,3,1,19.0,0,0,7.775,1,N
381,1,0,42.0,0,0,227.525,2,N
382,3,0,1.0,0,2,15.7417,2,N
383,3,1,32.0,0,0,7.925,1,N
384,1,0,35.0,1,0,52.0,1,N
385,3,1,0.0,0,0,7.8958,1,N
386,2,1,18.0,0,0,73.5,1,N
387,3,1,1.0,5,2,46.9,1,N
388,2,0,36.0,0,0,13.0,1,N
389,3,1,0.0,0,0,7.7292,3,N
390,2,0,17.0,0,0,12.0,2,N
391,1,1,36.0,1,2,120.0,1,N
392,3,1,21.0,0,0,7.7958,1,N
393,3,1,28.0,2,0,7.925,1,N
394,1,0,23.0,1,0,113.275,2,N
395,3,0,24.0,0,2,16.7,1,N
396,3,1,22.0,0,0,7.7958,1,N
397,3,0,31.0,0,0,7.8542,1,N
398,2,1,46.0,0,0,26.0,1,N
399,2,1,23.0,0,0,10.5,1,N
400,2,0,28.0,0,0,12.65,1,N
401,3,1,39.0,0,0,7.925,1,N
402,3,1,26.0,0,0,8.05,1,N
403,3,0,21.0,1,0,9.825,1,N
404,3,1,28.0,1,0,15.85,1,N
405,3,0,20.0,0,0,8.6625,1,N
406,2,1,34.0,1,0,21.0,1,N
407,3,1,51.0,0,0,7.75,1,N
408,2,1,3.0,1,1,18.75,1,N
409,3,1,21.0,0,0,7.775,1,N
410,3,0,0.0,3,1,25.4667,1,N
411,3,1,0.0,0,0,7.8958,1,N
412,3,1,0.0,0,0,6.8583,3,N
413,1,0,33.0,1,0,90.0,3,N
414,2,1,0.0,0,0,0.0,1,N
415,3,1,44.0,0,0,7.925,1,N
416,3,0,0.0,0,0,8.05,1,N
417,2,0,34.0,1,1,32.5,1,N
418,2,0,18.0,0,2,13.0,1,N
419,2,1,30.0,0,0,13.0,1,N
420,3,0,10.0,0,2,24.15,1,N
421,3,1,0.0,0,0,7.8958,2,N
422,3,1,21.0,0,0,7.7333,3,N
423,3,1,29.0,0,0,7.875,1,N
424,3,0,28.0,1,1,14.4,1,N
425,3,1,18.0,1,1,20.2125,1,N
426,3,1,0.0,0,0,7.25,1,N
427,2,0,28.0,1,0,26.0,1,N
428,2,0,19.0,0,0,26.0,1,N
429,3,1,0.0,0,0,7.75,3,N
430,3,1,32.0,0,0,8.05,1,N
431,1,1,28.0,0,0,26.55,1,N
432,3,0,0.0,1,0,16.1,1,N
433,2,0,42.0,1,0,26.0,1,N
434,3,1,17.0,0,0,7.125,1,N
435,1,1,50.0,1,0,55.9,1,N
436,1,0,14.0,1,2,120.0,1,N
437,3,0,21.0,2,2,34.375,1,N
438,2,0,24.0,2,3,18.75,1,N
439,1,1,64.0,1,4,263.0,1,N
440,2,1,31.0,0,0,10.5,1,N
441,2,0,45.0,1,1,26.25,1,N
442,3,1,20.0,0,0,9.5,1,N
443,3,1,25.0,1,0,7.775,1,N
444,2,0,28.0,0,0,13.0,1,N
445,3,1,0.0,0,0,8.1125,1,N
446,1,1,4.0,0,2,81.8583,1,N
447,2,0,13.0,0,1,19.5,1,Y
448,1,1,34.0,0,0,26.55,1,Y
449,3,0,5.0,2,1,19.2583,2,Y
450,1,1,52.0,0,0,30.5,1,Y
451,2,1,36.0,1,2,27.75,1,Y
452,3,1,0.0,1,0,19.9667,1,Y
453,1,1,30.0,0,0,27.75,2,Y
454,1,1,49.0,1,0,89.1042,2,Y
455,3,1,0.0,0,0,8.05,1,Y
456,3,1,29.0,0,0,7.8958,2,Y
457,1,1,65.0,0,0,26.55,1,Y
458,1,0,0.0,1,0,51.8625,1,Y
459,2,0,50.0,0,0,10.5,1,Y
460,3,1,0.0,0,0,7.75,3,Y
461,1,1,48.0,0,0,26.55,1,Y
462,3,1,34.0,0,0,8.05,1,Y
463,1,1,47.0,0,0,38.5,1,Y
464,2,1,48.0,0,0,13.0,1,Y
465,3,1,0.0,0,0,8.05,1,Y
466,3,1,38.0,0,0,7.05,1,Y
467,2,1,0.0,0,0,0.0,1,Y
468,1,1,56.0,0,0,26.55,1,Y
469,3,1,0.0,0,0,7.725,3,Y
470,3,0,0.75,2,1,19.2583,2,Y
471,3,1,0.0,0,0,7.25,1,Y
472,3,1,38.0,0,0,8.6625,1,Y
473,2,0,33.0,1,2,27.75,1,Y
474,2,0,23.0,0,0,13.7917,2,Y
475,3,0,22.0,0,0,9.8375,1,Y
476,1,1,0.0,0,0,52.0,1,Y
477,2,1,34.0,1,0,21.0,1,Y
478,3,1,29.0,1,0,7.0458,1,Y
479,3,1,22.0,0,0,7.5208,1,Y
480,3,0,2.0,0,1,12.2875,1,Y
481,3,1,9.0,5,2,46.9,1,Y
482,2,1,0.0,0,0,0.0,1,Y
483,3,1,50.0,0,0,8.05,1,Y
484,3,0,63.0,0,0,9.5875,1,Y
485,1,1,25.0,1,0,91.0792,2,Y
486,3,0,0.0,3,1,25.4667,1,Y
487,1,0,35.0,1,0,90.0,1,Y
488,1,1,58.0,0,0,29.7,2,Y
489,3,1,30.0,0,0,8.05,1,Y
490,3,1,9.0,1,1,15.9,1,Y
491,3,1,0.0,1,0,19.9667,1,Y
492,3,1,21.0,0,0,7.25,1,Y
493,1,1,55.0,0,0,30.5,1,Y
494,1,1,71.0,0,0,49.5042,2,Y
495,3,1,21.0,0,0,8.05,1,Y
496,3,1,0.0,0,0,14.4583,2,Y
497,1,0,54.0,1,0,78.2667,2,Y
498,3,1,0.0,0,0,15.1,1,Y
499,1,0,25.0,1,2,151.55,1,Y
500,3,1,24.0,0,0,7.7958,1,Y
501,3,1,17.0,0,0,8.6625,1,Y
502,3,0,21.0,0,0,7.75,3,Y
503,3,0,0.0,0,0,7.6292,3,Y
504,3,0,37.0,0,0,9.5875,1,Y
505,1,0,16.0,0,0,86.5,1,Y
506,1,1,18.0,1,0,108.9,2,Y
507,2,0,33.0,0,2,26.0,1,Y
508,1,1,0.0,0,0,26.55,1,Y
509,3,1,28.0,0,0,22.525,1,Y
510,3,1,26.0,0,0,56.4958,1,Y
511,3,1,29.0,0,0,7.75,3,Y
512,3,1,0.0,0,0,8.05,1,Y
513,1,1,36.0,0,0,26.2875,1,Y
514,1,0,54.0,1,0,59.4,2,Y
515,3,1,24.0,0,0,7.4958,1,Y
516,1,1,47.0,0,0,34.0208,1,Y
517,2,0,34.0,0,0,10.5,1,Y
518,3,1,0.0,0,0,24.15,3,Y
519,2,0,36.0,1,0,26.0,1,Y
520,3,1,32.0,0,0,7.8958,1,Y
521,1,0,30.0,0,0,93.5,1,Y
522,3,1,22.0,0,0,7.8958,1,Y
523,3,1,0.0,0,0,7.225,2,Y
524,1,0,44.0,0,1,57.9792,2,Y
525,3,1,0.0,0,0,7.2292,2,Y
526,3,1,40.5,0,0,7.75,3,Y
527,2,0,50.0,0,0,10.5,1,Y
528,1,1,0.0,0,0,221.7792,1,Y
529,3,1,39.0,0,0,7.925,1,Y
530,2,1,23.0,2,1,11.5,1,Y
531,2,0,2.0,1,1,26.0,1,Y
532,3,1,0.0,0,0,7.2292,2,Y
533,3,1,17.0,1,1,7.2292,2,Y
534,3,0,0.0,0,2,22.3583,2,Y
535,3,0,30.0,0,0,8.6625,1,Y
536,2,0,7.0,0,2,26.25,1,Y
537,1,1,45.0,0,0,26.55,1,Y
538,1,0,30.0,0,0,106.425,2,Y
539,3,1,0.0,0,0,14.5,1,Y
540,1,0,22.0,0,2,49.5,2,Y
541,1,0,36.0,0,2,71.0,1,Y
542,3,0,9.0,4,2,31.275,1,Y
543,3,0,11.0,4,2,31.275,1,Y
544,2,1,32.0,1,0,26.0,1,Y
545,1,1,50.0,1,0,106.425,2,Y
546,1,1,64.0,0,0,26.0,1,Y
547,2,0,19.0,1,0,26.0,1,Y
548,2,1,0.0,0,0,13.8625,2,Y
549,3,1,33.0,1,1,20.525,1,Y
550,2,1,8.0,1,1,36.75,1,Y
551,1,1,17.0,0,2,110.8833,2,Y
552,2,1,27.0,0,0,26.0,1,Y
553,3,1,0.0,0,0,7.8292,3,Y
554,3,1,22.0,0,0,7.225,2,Y
555,3,0,22.0,0,0,7.775,1,Y
556,1,1,62.0,0,0,26.55,1,Y
557,1,0,48.0,1,0,39.6,2,Y
558,1,1,0.0,0,0,227.525,2,Y
559,1,0,39.0,1,1,79.65,1,Y
560,3,0,36.0,1,0,17.4,1,Y
561,3,1,0.0,0,0,7.75,3,Y
562,3,1,40.0,0,0,7.8958,1,Y
563,2,1,28.0,0,0,13.5,1,Y
564,3,1,0.0,0,0,8.05,1,Y
565,3,0,0.0,0,0,8.05,1,Y
566,3,1,24.0,2,0,24.15,1,Y
567,3,1,19.0,0,0,7.8958,1,Y
568,3,0,29.0,0,4,21.075,1,Y
569,3,1,0.0,0,0,7.2292,2,Y
570,3,1,32.0,0,0,7.8542,1,Y
571,2,1,62.0,0,0,10.5,1,Y
572,1,0,53.0,2,0,51.4792,1,Y
573,1,1,36.0,0,0,26.3875,1,Y
574,3,0,0.0,0,0,7.75,3,Y
575,3,1,16.0,0,0,8.05,1,Y
576,3,1,19.0,0,0,14.5,1,Y
577,2,0,34.0,0,0,13.0,1,Y
578,1,0,39.0,1,0,55.9,1,Y
579,3,0,0.0,1,0,14.4583,2,Y
580,3,1,32.0,0,0,7.925,1,Y
581,2,0,25.0,1,1,30.0,1,Y
582,1,0,39.0,1,1,110.8833,2,Y
583,2,1,54.0,0,0,26.0,1,Y
584,1,1,36.0,0,0,40.125,2,Y
585,3,1,0.0,0,0,8.7125,2,Y
586,1,0,18.0,0,2,79.65,1,Y
587,2,1,47.0,0,0,15.0,1,Y
588,1,1,60.0,1,1,79.2,2,Y
589,3,1,22.0,0,0,8.05,1,Y
590,3,1,0.0,0,0,8.05,1,Y
591,3,1,35.0,0,0,7.125,1,Y
592,1,0,52.0,1,0,78.2667,2,Y
593,3,1,47.0,0,0,7.25,1,Y
594,3,0,0.0,0,2,7.75,3,Y
595,2,1,37.0,1,0,26.0,1,Y
596,3,1,36.0,1,1,24.15,1,Y
597,2,0,0.0,0,0,33.0,1,Y
598,3,1,49.0,0,0,0.0,1,Y
599,3,1,0.0,0,0,7.225,2,Y
600,1,1,49.0,1,0,56.9292,2,Y
601,2,0,24.0,2,1,27.0,1,Y
602,3,1,0.0,0,0,7.8958,1,Y
603,1,1,0.0,0,0,42.4,1,Y
604,3,1,44.0,0,0,8.05,1,Y
605,1,1,35.0,0,0,26.55,2,Y
606,3,1,36.0,1,0,15.55,1,Y
607,3,1,30.0,0,0,7.8958,1,Y
608,1,1,27.0,0,0,30.5,1,Y
609,2,0,22.0,1,2,41.5792,2,Y
610,1,0,40.0,0,0,153.4625,1,Y
611,3,0,39.0,1,5,31.275,1,Y
612,3,1,0.0,0,0,7.05,1,Y
613,3,0,0.0,1,0,15.5,3,Y
614,3,1,0.0,0,0,7.75,3,Y
615,3,1,35.0,0,0,8.05,1,Y
616,2,0,24.0,1,2,65.0,1,Y
617,3,1,34.0,1,1,14.4,1,Y
618,3,0,26.0,1,0,16.1,1,Y
619,2,0,4.0,2,1,39.0,1,Y
620,2,1,26.0,0,0,10.5,1,Y
621,3,1,27.0,1,0,14.4542,2,Y
622,1,1,42.0,1,0,52.5542,1,Y
623,3,1,20.0,1,1,15.7417,2,Y
624,3,1,21.0,0,0,7.8542,1,Y
625,3,1,21.0,0,0,16.1,1,Y
626,1,1,61.0,0,0,32.3208,1,Y
627,2,1,57.0,0,0,12.35,3,Y
628,1,0,21.0,0,0,77.9583,1,Y
629,3,1,26.0,0,0,7.8958,1,Y
630,3,1,0.0,0,0,7.7333,3,Y
631,1,1,80.0,0,0,30.0,1,Y
632,3,1,51.0,0,0,7.0542,1,Y
633,1,1,32.0,0,0,30.5,2,Y
634,1,1,0.0,0,0,0.0,1,Y
635,3,0,9.0,3,2,27.9,1,Y
636,2,0,28.0,0,0,13.0,1,Y
637,3,1,32.0,0,0,7.925,1,Y
638,2,1,31.0,1,1,26.25,1,Y
639,3,0,41.0,0,5,39.6875,1,Y
640,3,1,0.0,1,0,16.1,1,Y
641,3,1,20.0,0,0,7.8542,1,Y
642,1,0,24.0,0,0,69.3,2,Y
643,3,0,2.0,3,2,27.9,1,Y
644,3,1,0.0,0,0,56.4958,1,Y
645,3,0,0.75,2,1,19.2583,2,Y
646,1,1,48.0,1,0,76.7292,2,Y
647,3,1,19.0,0,0,7.8958,1,Y
648,1,1,56.0,0,0,35.5,2,Y
649,3,1,0.0,0,0,7.55,1,Y
650,3,0,23.0,0,0,7.55,1,Y
651,3,1,0.0,0,0,7.8958,1,Y
652,2,0,18.0,0,1,23.0,1,Y
653,3,1,21.0,0,0,8.4333,1,Y
654,3,0,0.0,0,0,7.8292,3,Y
655,3,0,18.0,0,0,6.75,3,Y
656,2,1,24.0,2,0,73.5,1,Y
657,3,1,0.0,0,0,7.8958,1,Y
658,3,0,32.0,1,1,15.5,3,Y
659,2,1,23.0,0,0,13.0,1,Y
660,1,1,58.0,0,2,113.275,2,Y
661,1,1,50.0,2,0,133.65,1,Y
662,3,1,40.0,0,0,7.225,2,Y
663,1,1,47.0,0,0,25.5875,1,Y
664,3,1,36.0,0,0,7.4958,1,Y
665,3,1,20.0,1,0,7.925,1,Y
666,2,1,32.0,2,0,73.5,1,Y
667,2,1,25.0,0,0,13.0,1,Y
668,3,1,0.0,0,0,7.775,1,Y
669,3,1,43.0,0,0,8.05,1,Y
670,1,0,0.0,1,0,52.0,1,Y
671,2,0,40.0,1,1,39.0,1,Y
672,1,1,31.0,1,0,52.0,1,Y
673,2,1,70.0,0,0,10.5,1,Y
674,2,1,31.0,0,0,13.0,1,Y
675,2,1,0.0,0,0,0.0,1,Y
676,3,1,18.0,0,0,7.775,1,Y
677,3,1,24.5,0,0,8.05,1,Y
678,3,0,18.0,0,0,9.8417,1,Y
679,3,0,43.0,1,6,46.9,1,Y
680,1,1,36.0,0,1,512.3292,2,Y
681,3,0,0.0,0,0,8.1375,3,Y
682,1,1,27.0,0,0,76.7292,2,Y
683,3,1,20.0,0,0,9.225,1,Y
684,3,1,14.0,5,2,46.9,1,Y
685,2,1,60.0,1,1,39.0,1,Y
686,2,1,25.0,1,2,41.5792,2,Y
687,3,1,14.0,4,1,39.6875,1,Y
688,3,1,19.0,0,0,10.1708,1,Y
689,3,1,18.0,0,0,7.7958,1,Y
690,1,0,15.0,0,1,211.3375,1,Y
691,1,1,31.0,1,0,57.0,1,Y
692,3,0,4.0,0,1,13.4167,2,Y
693,3,1,0.0,0,0,56.4958,1,Y
694,3,1,25.0,0,0,7.225,2,Y
695,1,1,60.0,0,0,26.55,1,Y
696,2,1,52.0,0,0,13.5,1,Y
697,3,1,44.0,0,0,8.05,1,Y
698,3,0,0.0,0,0,7.7333,3,Y
699,1,1,49.0,1,1,110.8833,2,Y
700,3,1,42.0,0,0,7.65,1,Y
701,1,0,18.0,1,0,227.525,2,Y
702,1,1,35.0,0,0,26.2875,1,Y
703,3,0,18.0,0,1,14.4542,2,Y
704,3,1,25.0,0,0,7.7417,3,Y
705,3,1,26.0,1,0,7.8542,1,Y
706,2,1,39.0,0,0,26.0,1,Y
707,2,0,45.0,0,0,13.5,1,Y
708,1,1,42.0,0,0,26.2875,1,Y
709,1,0,22.0,0,0,151.55,1,Y
710,3,1,0.0,1,1,15.2458,2,Y
711,1,0,24.0,0,0,49.5042,2,Y
712,1,1,0.0,0,0,26.55,1,Y
713,1,1,48.0,1,0,52.0,1,Y
714,3,1,29.0,0,0,9.4833,1,Y
715,2,1,52.0,0,0,13.0,1,Y
716,3,1,19.0,0,0,7.65,1,Y
717,1,0,38.0,0,0,227.525,2,Y
718,2,0,27.0,0,0,10.5,1,Y
719,3,1,0.0,0,0,15.5,3,Y
720,3,1,33.0,0,0,7.775,1,Y
721,2,0,6.0,0,1,33.0,1,Y
722,3,1,17.0,1,0,7.0542,1,Y
723,2,1,34.0,0,0,13.0,1,Y
724,2,1,50.0,0,0,13.0,1,Y
725,1,1,27.0,1,0,53.1,1,Y
726,3,1,20.0,0,0,8.6625,1,Y
727,2,0,30.0,3,0,21.0,1,Y
728,3,0,0.0,0,0,7.7375,3,Y
729,2,1,25.0,1,0,26.0,1,Y
730,3,0,25.0,1,0,7.925,1,Y
731,1,0,29.0,0,0,211.3375,1,Y
732,3,1,11.0,0,0,18.7875,2,Y
733,2,1,0.0,0,0,0.0,1,Y
734,2,1,23.0,0,0,13.0,1,Y
735,2,1,23.0,0,0,13.0,1,Y
736,3,1,28.5,0,0,16.1,1,Y
737,3,0,48.0,1,3,34.375,1,Y
738,1,1,35.0,0,0,512.3292,2,Y
739,3,1,0.0,0,0,7.8958,1,Y
740,3,1,0.0,0,0,7.8958,1,Y
741,1,1,0.0,0,0,30.0,1,Y
742,1,1,36.0,1,0,78.85,1,Y
743,1,0,21.0,2,2,262.375,2,Y
744,3,1,24.0,1,0,16.1,1,Y
745,3,1,31.0,0,0,7.925,1,Y
746,1,1,70.0,1,1,71.0,1,Y
747,3,1,16.0,1,1,20.25,1,Y
748,2,0,30.0,0,0,13.0,1,Y
749,1,1,19.0,1,0,53.1,1,Y
750,3,1,31.0,0,0,7.75,3,Y
751,2,0,4.0,1,1,23.0,1,Y
752,3,1,6.0,0,1,12.475,1,Y
753,3,1,33.0,0,0,9.5,1,Y
754,3,1,23.0,0,0,7.8958,1,Y
755,2,0,48.0,1,2,65.0,1,Y
756,2,1,0.67,1,1,14.5,1,Y
757,3,1,28.0,0,0,7.7958,1,Y
758,2,1,18.0,0,0,11.5,1,Y
759,3,1,34.0,0,0,8.05,1,Y
760,1,0,33.0,0,0,86.5,1,Y
761,3,1,0.0,0,0,14.5,1,Y
762,3,1,41.0,0,0,7.125,1,Y
763,3,1,20.0,0,0,7.2292,2,Y
764,1,0,36.0,1,2,120.0,1,Y
765,3,1,16.0,0,0,7.775,1,Y
766,1,0,51.0,1,0,77.9583,1,Y
767,1,1,0.0,0,0,39.6,2,Y
768,3,0,30.5,0,0,7.75,3,Y
769,3,1,0.0,1,0,24.15,3,Y
770,3,1,32.0,0,0,8.3625,1,Y
771,3,1,24.0,0,0,9.5,1,Y
772,3,1,48.0,0,0,7.8542,1,Y
773,2,0,57.0,0,0,10.5,1,Y
774,3,1,0.0,0,0,7.225,2,Y
775,2,0,54.0,1,3,23.0,1,Y
776,3,1,18.0,0,0,7.75,1,Y
777,3,1,0.0,0,0,7.75,3,Y
778,3,0,5.0,0,0,12.475,1,Y
779,3,1,0.0,0,0,7.7375,3,Y
780,1,0,43.0,0,1,211.3375,1,Y
781,3,0,13.0,0,0,7.2292,2,Y
782,1,0,17.0,1,0,57.0,1,Y
783,1,1,29.0,0,0,30.0,1,Y
784,3,1,0.0,1,2,23.45,1,Y
785,3,1,25.0,0,0,7.05,1,Y
786,3,1,25.0,0,0,7.25,1,Y
787,3,0,18.0,0,0,7.4958,1,Y
788,3,1,8.0,4,1,29.125,3,Y
789,3,1,1.0,1,2,20.575,1,Y
790,1,1,46.0,0,0,79.2,2,Y
791,3,1,0.0,0,0,7.75,3,Y
792,2,1,16.0,0,0,26.0,1,Y
793,3,0,0.0,8,2,69.55,1,Y
794,1,1,0.0,0,0,30.6958,2,Y
795,3,1,25.0,0,0,7.8958,1,Y
796,2,1,39.0,0,0,13.0,1,Y
797,1,0,49.0,0,0,25.9292,1,Y
798,3,0,31.0,0,0,8.6833,1,Y
799,3,1,30.0,0,0,7.2292,2,Y
800,3,0,30.0,1,1,24.15,1,Y
801,2,1,34.0,0,0,13.0,1,Y
802,2,0,31.0,1,1,26.25,1,Y
803,1,1,11.0,1,2,120.0,1,Y
804,3,1,0.42,0,1,8.5167,2,Y
805,3,1,27.0,0,0,6.975,1,Y
806,3,1,31.0,0,0,7.775,1,Y
807,1,1,39.0,0,0,0.0,1,Y
808,3,0,18.0,0,0,7.775,1,Y
809,2,1,39.0,0,0,13.0,1,Y
810,1,0,33.0,1,0,53.1,1,Y
811,3,1,26.0,0,0,7.8875,1,Y
812,3,1,39.0,0,0,24.15,1,Y
813,2,1,35.0,0,0,10.5,1,Y
814,3,0,6.0,4,2,31.275,1,Y
815,3,1,30.5,0,0,8.05,1,Y
816,1,1,0.0,0,0,0.0,1,Y
817,3,0,23.0,0,0,7.925,1,Y
818,2,1,31.0,1,1,37.0042,2,Y
819,3,1,43.0,0,0,6.45,1,Y
820,3,1,10.0,3,2,27.9,1,Y
821,1,0,52.0,1,1,93.5,1,Y
822,3,1,27.0,0,0,8.6625,1,Y
823,1,1,38.0,0,0,0.0,1,Y
824,3,0,27.0,0,1,12.475,1,Y
825,3,1,2.0,4,1,39.6875,1,Y
826,3,1,0.0,0,0,6.95,3,Y
827,3,1,0.0,0,0,56.4958,1,Y
828,2,1,1.0,0,2,37.0042,2,Y
829,3,1,0.0,0,0,7.75,3,Y
830,1,0,62.0,0,0,80.0,0,Y
831,3,0,15.0,1,0,14.4542,2,Y
832,2,1,0.83,1,1,18.75,1,Y
833,3,1,0.0,0,0,7.2292,2,Y
834,3,1,23.0,0,0,7.8542,1,Y
835,3,1,18.0,0,0,8.3,1,Y
836,1,0,39.0,1,1,83.1583,2,Y
837,3,1,21.0,0,0,8.6625,1,Y
838,3,1,0.0,0,0,8.05,1,Y
839,3,1,32.0,0,0,56.4958,1,Y
840,1,1,0.0,0,0,29.7,2,Y
841,3,1,20.0,0,0,7.925,1,Y
842,2,1,16.0,0,0,10.5,1,Y
843,1,0,30.0,0,0,31.0,2,Y
844,3,1,34.5,0,0,6.4375,2,Y
845,3,1,17.0,0,0,8.6625,1,Y
846,3,1,42.0,0,0,7.55,1,Y
847,3,1,0.0,8,2,69.55,1,Y
848,3,1,35.0,0,0,7.8958,2,Y
849,2,1,28.0,0,1,33.0,1,Y
850,1,0,0.0,1,0,89.1042,2,Y
851,3,1,4.0,4,2,31.275,1,Y
852,3,1,74.0,0,0,7.775,1,Y
853,3,0,9.0,1,1,15.2458,2,Y
854,1,0,16.0,0,1,39.4,1,Y
855,2,0,44.0,1,0,26.0,1,Y
856,3,0,18.0,0,1,9.35,1,Y
857,1,0,45.0,1,1,164.8667,1,Y
858,1,1,51.0,0,0,26.55,1,Y
859,3,0,24.0,0,3,19.2583,2,Y
860,3,1,0.0,0,0,7.2292,2,Y
861,3,1,41.0,2,0,14.1083,1,Y
862,2,1,21.0,1,0,11.5,1,Y
863,1,0,48.0,0,0,25.9292,1,Y
864,3,0,0.0,8,2,69.55,1,Y
865,2,1,24.0,0,0,13.0,1,Y
866,2,0,42.0,0,0,13.0,1,Y
867,2,0,27.0,1,0,13.8583,2,Y
868,1,1,31.0,0,0,50.4958,1,Y
869,3,1,0.0,0,0,9.5,1,Y
870,3,1,4.0,1,1,11.1333,1,Y
871,3,1,26.0,0,0,7.8958,1,Y
872,1,0,47.0,1,1,52.5542,1,Y
873,1,1,33.0,0,0,5.0,1,Y
874,3,1,47.0,0,0,9.0,1,Y
875,2,0,28.0,1,0,24.0,2,Y
876,3,0,15.0,0,0,7.225,2,Y
877,3,1,20.0,0,0,9.8458,1,Y
878,3,1,19.0,0,0,7.8958,1,Y
879,3,1,0.0,0,0,7.8958,1,Y
880,1,0,56.0,0,1,83.1583,2,Y
881,2,0,25.0,0,1,26.0,1,Y
882,3,1,33.0,0,0,7.8958,1,Y
883,3,0,22.0,0,0,10.5167,1,Y
884,2,1,28.0,0,0,10.5,1,Y
885,3,1,25.0,0,0,7.05,1,Y
886,3,0,39.0,0,5,29.125,3,Y
887,2,1,27.0,0,0,13.0,1,Y
888,1,0,19.0,0,0,30.0,1,Y
889,3,0,0.0,1,2,23.45,1,Y
890,1,1,26.0,0,0,30.0,2,Y
891,3,1,32.0,0,0,7.75,3,Y
